seed,client_id,family,n_sobol,n_feasible_sobol,phi_search,xi_ref_1,xi_ref_2,xi_ref_3,J_stage1_only_search,J_search_best,J_ref_test,n_refine_starts,reference_feasible,oracle_rmse_weak_32pt
355238,nominal_00,nominal,1024,1013,0.9892578125,-2.9999993764025636,2.9942003881323753,1.8765653091049739,0.014001858082031535,0.013999068274023146,0.01402055981028454,8,True,0.014009981311670501
355238,nominal_01,nominal,1024,1013,0.9892578125,-2.999999121229691,0.7296906944366175,-0.3428302198796908,0.013566422908875919,0.013565858848861126,0.014200026663477836,8,True,0.013580708022421692
355238,payload_00,payload,1024,1011,0.9873046875,-2.999997251036588,0.5344113406677626,-0.5974801528008566,0.014014545139081394,0.014010593837394386,0.014113277069254294,8,True,0.014021729462377217
355238,payload_01,payload,1024,1011,0.9873046875,-2.999999138846394,2.6922697160871887,1.457558574235401,0.013904695926514546,0.013902405848373907,0.01407489119712147,8,True,0.013914109957799703
355238,tire_degraded_00,tire_degraded,1024,1016,0.9921875,-2.9999991904194974,2.822789137110373,1.7017670644888572,0.013597219531345538,0.013594485656762911,0.013640097955567393,8,True,0.013605077694457878
355238,tire_degraded_01,tire_degraded,1024,1013,0.9892578125,-2.9999982567843837,0.5837157326570345,-0.5786287180129979,0.014037608112487951,0.0140322789456184,0.014148854821987878,8,True,0.014054867414674077
987946,nominal_00,nominal,1024,1015,0.9912109375,-2.999999107950579,2.9112845574673556,1.7936251096673361,0.013965883081857948,0.013963113141701386,0.013984393685211158,8,True,0.014068498000092607
987946,nominal_01,nominal,1024,1016,0.9921875,-2.9999982301599917,0.19587643971725224,-0.7976796228375661,0.013597424570334396,0.01359679445437373,0.01424403798826665,8,True,0.013641099547692324
987946,payload_00,payload,1024,1009,0.9853515625,-2.9896226106518147,0.5490804209662955,-0.5858597215853685,0.014061761292214599,0.01405915342284709,0.01416108359202153,8,True,0.014091989807849266
987946,payload_01,payload,1024,1009,0.9853515625,-2.9999992699708784,2.988736246507366,1.7684480102403204,0.013922858036428681,0.013920112992569992,0.014098887521257913,8,True,0.01402230397924744
987946,tire_degraded_00,tire_degraded,1024,1015,0.9912109375,-2.998773255514794,2.658084506589247,1.5263778783401214,0.013628457700580682,0.013623492575572113,0.01366740938776818,8,True,0.013802843706593062
987946,tire_degraded_01,tire_degraded,1024,1007,0.9833984375,-2.9999990729409816,1.603510498101162,0.36703743315467824,0.013913352729393912,0.013912969865974923,0.014022648524952741,8,True,0.013985256477885644
299843,nominal_00,nominal,1024,1014,0.990234375,-2.9999990596481987,2.9999634819196923,1.8749875568495322,0.01396385077040241,0.013960836859021454,0.013980414875239844,8,True,0.014006645201562981
299843,nominal_01,nominal,1024,1015,0.9912109375,-2.9999994172477233,0.9090134776730986,-0.17586738949469508,0.013598744088154063,0.013598304768972587,0.014227076897481972,8,True,0.013643127431704755
299843,payload_00,payload,1024,1011,0.9873046875,-2.999999145559208,-0.21835365806326107,-1.0900250037744519,0.014092310786568515,0.014085982391200937,0.014221311082613639,8,True,0.014117255919313445
299843,payload_01,payload,1024,1012,0.98828125,-2.999970902891731,2.8248875030010936,1.5974627615534946,0.01391180736193977,0.013910473885605052,0.014085931308254963,8,True,0.013949908620922803
299843,tire_degraded_00,tire_degraded,1024,1015,0.9912109375,-2.9996582426447946,2.8401915018431683,1.6994985691882991,0.013660352143775962,0.01366010837327254,0.01370212893720216,8,True,0.013722928138233744
299843,tire_degraded_01,tire_degraded,1024,1016,0.9921875,-2.999998256279687,0.34264463589414246,-0.7625929951726327,0.013967879046702469,0.01396262359112823,0.014083262632172444,8,True,0.013990567454742323
469345,nominal_00,nominal,1024,1013,0.9892578125,-2.9999992355992853,2.9476431898501043,1.8289655325089094,0.01404299489989424,0.014035980566189163,0.014057157682198191,8,True,0.014166181664778274
469345,nominal_01,nominal,1024,1014,0.990234375,-2.999999301386736,0.9425183799805881,-0.1460494228944143,0.013533308038277334,0.013532277924889709,0.014166198577928873,8,True,0.013632931947004033
469345,payload_00,payload,1024,1012,0.98828125,-2.9999832186339104,-0.00573349368010427,-0.979259149176357,0.01402764660266137,0.014023834276236572,0.014149363716358665,8,True,0.014082322072375057
469345,payload_01,payload,1024,1009,0.9853515625,-2.9994241080687516,2.688603886054212,1.4591213866206056,0.013960817732731568,0.013956018596969313,0.014135209480124578,8,True,0.014004843611730503
469345,tire_degraded_00,tire_degraded,1024,1014,0.990234375,-2.9999993504084084,2.9178887113703063,1.777130001272497,0.013713934593389094,0.013712836695355876,0.013751197481212585,8,True,0.013835746864999325
469345,tire_degraded_01,tire_degraded,1024,1005,0.9814453125,-2.9999994086066004,0.533528778513773,-0.6236888888594776,0.014026321794398807,0.014021247870339698,0.014134787452430669,8,True,0.014055406334663005
232036,nominal_00,nominal,1024,1013,0.9892578125,-2.9990338421316727,2.5534665103542284,1.4394194899109527,0.014017070397282685,0.014014975085370814,0.01403659960763208,8,True,0.014053339814163063
232036,nominal_01,nominal,1024,1015,0.9912109375,-2.99999922349678,1.4165237774364148,0.31367106370369796,0.013530695297276027,0.013530222362405147,0.014163769721933516,8,True,0.01356588392884756
232036,payload_00,payload,1024,1007,0.9833984375,-2.9999997398150406,0.12281958358065365,-0.8974282658474144,0.014032480844106396,0.014027936276783318,0.014146142067992477,8,True,0.014171986641598801
232036,payload_01,payload,1024,1011,0.9873046875,-2.999718832438177,2.9200425500162046,1.696998321800402,0.013857320152645092,0.013857047861733744,0.014029894083408717,8,True,0.013977263247184018
232036,tire_degraded_00,tire_degraded,1024,1015,0.9912109375,-2.999999206675379,2.9014062470582833,1.771164125528543,0.013608836748676858,0.01360848413524733,0.013653623410218432,8,True,0.013650934650570143
232036,tire_degraded_01,tire_degraded,1024,1013,0.9892578125,-2.9999991443602347,0.041758352831235544,-0.952510535869406,0.013997999676635661,0.013994243162067791,0.014125599627183372,8,True,0.01418626411418939
298953,nominal_00,nominal,1024,1015,0.9912109375,-2.9999989055464393,2.9914405277833813,1.8666435342285082,0.014009461815662032,0.014005327859692324,0.014026323259478588,8,True,0.014021918402571762
298953,nominal_01,nominal,1024,1015,0.9912109375,-2.9999989193469063,0.8108090954633494,-0.2723660856142391,0.013550903396209927,0.013550490121173146,0.014185319920865646,8,True,0.013563787826019703
298953,payload_00,payload,1024,1007,0.9833984375,-2.9999965050307,0.17953304227340927,-0.8662737315314765,0.01408847707242534,0.014082140436072726,0.014195454404279755,8,True,0.014126896728700293
298953,payload_01,payload,1024,1010,0.986328125,-2.9997744230972225,2.8668275478155585,1.6291190526238495,0.013997921300908994,0.01399716670202465,0.014176415928348044,8,True,0.01407825671804569
298953,tire_degraded_00,tire_degraded,1024,1012,0.98828125,-2.9986697958375843,2.893856501591754,1.768409599313709,0.013637490592530999,0.013631318831770836,0.013674817684410857,8,True,0.013647135008259155
298953,tire_degraded_01,tire_degraded,1024,1015,0.9912109375,-2.999995111150031,1.3438100887338478,0.11505858704535882,0.013940931084749959,0.013940005491852224,0.01405049539756037,8,True,0.013987266937440679
756101,nominal_00,nominal,1024,1013,0.9892578125,-2.999999197699017,2.4742934928108133,1.3529444637528418,0.013999161160294883,0.013998369366284685,0.01401895732912004,8,True,0.014053481725786113
756101,nominal_01,nominal,1024,1015,0.9912109375,-2.9999986715195477,0.6438694665866349,-0.4256625409613899,0.013580922288737576,0.013579882991266348,0.0142121098242809,8,True,0.013644144820817161
756101,payload_00,payload,1024,1011,0.9873046875,-2.999999110275277,0.4549038722844299,-0.6616058607055115,0.014012136954364285,0.014005450908132286,0.014112943303769832,8,True,0.014020541815231555
756101,payload_01,payload,1024,1013,0.9892578125,-2.999999085573209,2.688377250716147,1.4574249372566845,0.013910047236940289,0.013909644920502624,0.014083835590683514,8,True,0.013916603408215204
756101,tire_degraded_00,tire_degraded,1024,1016,0.9921875,-2.9997060254889507,2.576393629462145,1.4489690279324468,0.013644333333004808,0.013643836595694035,0.013686918839878442,8,True,0.013695353088496879
756101,tire_degraded_01,tire_degraded,1024,1016,0.9921875,-2.999998749140194,0.27787494700156556,-0.8092648460657234,0.01405628158083474,0.014051118373660514,0.014170092459104569,8,True,0.014061478841912797
589478,nominal_00,nominal,1024,1014,0.990234375,-2.9999992375401403,2.9933110844575714,1.8734622850458524,0.013984985618093295,0.013984908238422451,0.014005416392485726,8,True,0.014201517236620007
589478,nominal_01,nominal,1024,1014,0.990234375,-2.9999993065070254,0.48182759983914125,-0.5682109296705307,0.013547903199064173,0.013547504673281759,0.014188562858327244,8,True,0.013748500561889537
589478,payload_00,payload,1024,1009,0.9853515625,-2.999998474045093,-0.12850787570392336,-1.056980238311533,0.014070516954157853,0.014065605287505898,0.014198281109946151,8,True,0.014254563630715174
589478,payload_01,payload,1024,1009,0.9853515625,-2.999999234101019,2.996839216627825,1.7753396567296638,0.013951555040554722,0.013950639959084679,0.014131606229705926,8,True,0.014154812275418628
589478,tire_degraded_00,tire_degraded,1024,1013,0.9892578125,-2.9999644986166745,2.995563090108046,1.8672184429594363,0.013648405420065334,0.013647483869888427,0.013689406156216503,8,True,0.013844062522185174
589478,tire_degraded_01,tire_degraded,1024,1015,0.9912109375,-2.9999997854357843,0.8425844765056605,-0.3515048919588468,0.013924284518146117,0.013923533532392632,0.014039696054358694,8,True,0.014153471559862763
467950,nominal_00,nominal,1024,1016,0.9921875,-2.999995173713265,2.6204695113811303,1.4897113821786248,0.013964104576426257,0.013963178085327314,0.013982598243731065,8,True,0.013985894287245065
467950,nominal_01,nominal,1024,1012,0.98828125,-2.9999990927139506,0.9694048340598558,-0.11719196856602757,0.013540992444095179,0.013538912889738172,0.014173765995255726,8,True,0.013550229204056387
467950,payload_00,payload,1024,1012,0.98828125,-2.999999415126686,0.7349745260730609,-0.42178656990029295,0.0139764790811723,0.013973996786951104,0.014076156847777962,8,True,0.014028269455170515
467950,payload_01,payload,1024,1007,0.9833984375,-2.9999992391156347,2.5840550921412078,1.3660032309966497,0.013959125258012165,0.013958895268667358,0.01414079122017975,8,True,0.01402589401068495
467950,tire_degraded_00,tire_degraded,1024,1015,0.9912109375,-2.9999992375365845,2.8784022782724663,1.739326824548896,0.013656322141008191,0.013654006293663487,0.0136960586408192,8,True,0.01367195981323563
467950,tire_degraded_01,tire_degraded,1024,1015,0.9912109375,-2.99999468582415,1.0123204682343157,-0.2003038204124082,0.01390990227506695,0.013909332666334947,0.014017858331420297,8,True,0.013982337649945614
362266,nominal_00,nominal,1024,1010,0.986328125,-2.9999683537134296,2.999940842764213,1.8808435098774232,0.01403963113056659,0.014039086091734392,0.014059697231451524,8,True,0.014057604360864945
362266,nominal_01,nominal,1024,1012,0.98828125,-2.99999585852579,-0.06402154512987386,-0.9878212535795636,0.013679326000757273,0.013672157209925635,0.014316742514781058,8,True,0.013697692469583371
362266,payload_00,payload,1024,1010,0.986328125,-2.999999093945666,0.08884246238426585,-0.9223442853742315,0.014048294827892972,0.01404401918785763,0.014163571268011233,8,True,0.014128232275626887
362266,payload_01,payload,1024,1015,0.9912109375,-2.99999932796463,2.742785633164256,1.5110833416016944,0.013904176242358625,0.013902945919273746,0.014076338005625116,8,True,0.013984704063113444
362266,tire_degraded_00,tire_degraded,1024,1012,0.98828125,-2.9999992855140407,2.879012713484009,1.7478598789620488,0.013672368489492366,0.01367071314055173,0.013711564733375366,8,True,0.013689923318654568
362266,tire_degraded_01,tire_degraded,1024,1014,0.990234375,-2.99999960260791,0.3280875616813198,-0.7763572261567017,0.013989197202256248,0.013988542348075046,0.01410981591413576,8,True,0.014097984152845357
112439,nominal_00,nominal,1024,1016,0.9921875,-2.99999941514684,2.934849117120677,1.814731914359329,0.014048999907494225,0.01404867772988789,0.014069648371715041,8,True,0.014060929398145018
112439,nominal_01,nominal,1024,1012,0.98828125,-2.9999848296941254,0.154533494806713,-0.8381539894983435,0.01366048083594594,0.013658124597068258,0.014292568299050656,8,True,0.013677290209643677
112439,payload_00,payload,1024,1012,0.98828125,-2.999999417887223,0.4382348086165488,-0.6719744783385955,0.01397401717756691,0.013968594448806673,0.014077862097622549,8,True,0.014035376580983307
112439,payload_01,payload,1024,1010,0.986328125,-2.9991380841949526,2.687528519555462,1.4591688127614053,0.01394756471708995,0.013947271292969474,0.014125859269915669,8,True,0.014023511520137493
112439,tire_degraded_00,tire_degraded,1024,1014,0.990234375,-2.9999988027055786,2.8168470183810395,1.6755110781282436,0.013728538033049652,0.013728383853142187,0.013765534824958453,8,True,0.013748388516528919
112439,tire_degraded_01,tire_degraded,1024,1015,0.9912109375,-2.99999913973136,1.0222157605413202,-0.19226897341065924,0.013989213609532222,0.013987405293064152,0.014099864248632637,8,True,0.014091847411253832
294494,nominal_00,nominal,1024,1014,0.990234375,-2.9994986369618286,2.895013502573445,1.7841896215740762,0.013955472436040632,0.013955111284780922,0.013976862603459806,8,True,0.014020685599645234
294494,nominal_01,nominal,1024,1014,0.990234375,-2.9999990788906454,1.5800073632002696,0.47967521896216053,0.01356155645110861,0.013560883197500933,0.014189231887649067,8,True,0.013626599892235096
294494,payload_00,payload,1024,1009,0.9853515625,-2.9999861188868113,0.3230483890707308,-0.7623261469677223,0.01402609830885646,0.01402311501308403,0.014133383742323582,8,True,0.014225983876081203
294494,payload_01,payload,1024,1012,0.98828125,-2.9999992385918257,2.9106730811712334,1.691711139602388,0.013943084560577197,0.013942879943322337,0.014123592410257995,8,True,0.014124035783099639
294494,tire_degraded_00,tire_degraded,1024,1015,0.9912109375,-2.9999338330375487,2.9999576016321017,1.8604000422867708,0.013637195765547642,0.013636055486662392,0.013679499376694857,8,True,0.013723817866040912
294494,tire_degraded_01,tire_degraded,1024,1015,0.9912109375,-2.9999840890589664,0.6046634702710566,-0.5662605198278087,0.014014633367581783,0.014011815619437052,0.014125497256595418,8,True,0.014252533387242007
607761,nominal_00,nominal,1024,1013,0.9892578125,-2.9995727419461775,2.9999593033000775,1.8834135905300842,0.01393437548560821,0.013933056202060564,0.013952562809663116,8,True,0.013940674141033662
607761,nominal_01,nominal,1024,1015,0.9912109375,-2.9998008517059755,0.08762077647461008,-0.8853223368626371,0.013575309904082311,0.013574597785748174,0.014225571021447303,8,True,0.013582516078534801
607761,payload_00,payload,1024,1010,0.986328125,-2.9999948486263905,0.565384907098225,-0.5698113494127546,0.014001039798500654,0.01400032320384289,0.014105141042768271,8,True,0.014005013938827878
607761,payload_01,payload,1024,1010,0.986328125,-2.9999992443617685,2.950964476419072,1.7248242485210152,0.013922657993660074,0.013921604136166561,0.014098258774953942,8,True,0.013929469029437635
607761,tire_degraded_00,tire_degraded,1024,1013,0.9892578125,-2.9999994076067726,2.87258118647181,1.7401156593701606,0.013666090019187893,0.01365916060127319,0.013700118115840368,8,True,0.013665386101572493
607761,tire_degraded_01,tire_degraded,1024,1015,0.9912109375,-2.9999986387283024,0.3133829408333867,-0.7858935730250761,0.01399024615618256,0.013987029534933146,0.01411383151232159,8,True,0.0140018681309316
217184,nominal_00,nominal,1024,1015,0.9912109375,-2.9998830515240757,2.8514945037410695,1.7290993584705305,0.01394873872292749,0.01394668542440366,0.013966511112326857,8,True,0.014102610366600953
217184,nominal_01,nominal,1024,1013,0.9892578125,-2.9999879621087118,0.980714460580567,-0.11098461794133437,0.013578650097583876,0.013577827780678004,0.014204479027973626,8,True,0.013723768196896467
217184,payload_00,payload,1024,1012,0.98828125,-2.999998514822197,0.3713248558743362,-0.7299096418641151,0.014040093036646417,0.014037789792596072,0.014142050300588188,8,True,0.014170864441888918
217184,payload_01,payload,1024,1010,0.986328125,-2.9999863375437643,2.9761793049556835,1.7477392990619378,0.013951604275311523,0.013951023958069292,0.014128862324949004,8,True,0.01405234543459106
217184,tire_degraded_00,tire_degraded,1024,1013,0.9892578125,-2.999998450830128,2.9519845539339,1.816524699539675,0.013685733760367658,0.013683514103383908,0.013723429758845796,8,True,0.013789567200500702
217184,tire_degraded_01,tire_degraded,1024,990,0.966796875,-2.999999267341718,-0.28227642692124844,-1.0941851720905296,0.014109652459475382,0.01409629653339056,0.014240560514472603,8,True,0.014229234009628644
629215,nominal_00,nominal,1024,1015,0.9912109375,-2.9998539486374756,2.5059457542304377,1.3792539806609359,0.013981073466736249,0.013975368435466928,0.013995160282160746,8,True,0.014046158151343078
629215,nominal_01,nominal,1024,1015,0.9912109375,-2.999943726524282,0.5984339437074885,-0.46234985127284217,0.013605875141685283,0.013605761543505018,0.014237429459509116,8,True,0.0136486285177565
629215,payload_00,payload,1024,1010,0.986328125,-2.984629671744101,0.8342414876030163,-0.3431196258206112,0.01407814718616464,0.014074259565749175,0.014165237578429047,8,True,0.01416382146692123
629215,payload_01,payload,1024,1008,0.984375,-2.999977221109656,2.999961353458841,1.7801426935379192,0.013960783881700923,0.01395939131084064,0.01414146802885552,8,True,0.014129608802056798
629215,tire_degraded_00,tire_degraded,1024,1016,0.9921875,-2.9999937376346093,2.945207499204345,1.8179118676553465,0.01366208697909318,0.013657002399569663,0.013698039939577522,8,True,0.013725993841956682
629215,tire_degraded_01,tire_degraded,1024,1014,0.990234375,-2.999802620942688,0.2613487561972914,-0.8210263951473131,0.01401364160248547,0.014007845378748612,0.01413394049524339,8,True,0.014140745936182019
321788,nominal_00,nominal,1024,1012,0.98828125,-2.9999992972100142,2.848874921134242,1.7260739519184742,0.014005867817985032,0.014004120719148002,0.014024319082137549,8,True,0.014041671636304999
321788,nominal_01,nominal,1024,1015,0.9912109375,-2.999999077633547,-0.06064127315768605,-0.9861420818702716,0.013606218695636843,0.013604096799480566,0.014255924345760358,8,True,0.01361843247357591
321788,payload_00,payload,1024,1013,0.9892578125,-2.9999966957087913,0.11060899879945901,-0.91022161145578,0.014047221881215788,0.01403915451557551,0.014157105410430571,8,True,0.014053817323109091
321788,payload_01,payload,1024,1010,0.986328125,-2.9997013763813607,2.842961506399959,1.6142297223509035,0.013930893155416848,0.013928881738935363,0.014106021037448643,8,True,0.013938516416283374
321788,tire_degraded_00,tire_degraded,1024,1014,0.990234375,-2.9999275977813777,2.87843649151893,1.7417977296683123,0.013676445314804867,0.013675511340623446,0.013716281677248292,8,True,0.013726160961906325
321788,tire_degraded_01,tire_degraded,1024,1014,0.990234375,-2.99999941969343,1.6260495742408883,0.3971929551505638,0.013886303847693078,0.013885548961884807,0.013999601766874778,8,True,0.013894665883485762
531686,nominal_00,nominal,1024,1013,0.9892578125,-2.9999992255838377,2.9297660649330424,1.8005034033814258,0.013968967118565953,0.013968010766594999,0.013987094300469441,8,True,0.014013302392782945
531686,nominal_01,nominal,1024,1012,0.98828125,-2.999999257446398,0.3949486113666451,-0.643238992501747,0.013582873560583,0.01358100221864466,0.01421827955162964,8,True,0.01360293073009474
531686,payload_00,payload,1024,1012,0.98828125,-2.9999985269182434,0.5315102882291788,-0.5973894060042403,0.013999500102173984,0.013998793857430856,0.014102244775512715,8,True,0.014018887925347568
531686,payload_01,payload,1024,1009,0.9853515625,-2.9996050184208807,2.9759935184277357,1.7550967915748852,0.013964317860213002,0.013963934681282063,0.01414497970401496,8,True,0.014028161629335312
531686,tire_degraded_00,tire_degraded,1024,1015,0.9912109375,-2.99862602645761,2.772496510659927,1.6419645372996292,0.013613141482537406,0.013612199660199732,0.013656963556063917,8,True,0.013720194112590704
531686,tire_degraded_01,tire_degraded,1024,1013,0.9892578125,-2.9999793397520946,0.47180524542863617,-0.6709688516390401,0.014032749521893791,0.014022530543308346,0.014140540100084652,8,True,0.014048407937455152
554774,nominal_00,nominal,1024,1015,0.9912109375,-2.9999649361208975,2.8259291286250208,1.718771703899734,0.013921907023434404,0.013921858381711774,0.013942932055403187,8,True,0.013947825886994792
554774,nominal_01,nominal,1024,1014,0.990234375,-2.999979965015761,0.9221934443800541,-0.17415762948877647,0.013574791811119239,0.0135716212481397,0.014199764230424789,8,True,0.013591537918117907
554774,payload_00,payload,1024,1012,0.98828125,-2.9999985195071597,0.38222354309525386,-0.7194728813511626,0.014000419164154919,0.013997562328207437,0.014107070619815212,8,True,0.014008945426094058
554774,payload_01,payload,1024,1005,0.9814453125,-2.9999992255838377,2.8084942862970315,1.5792106621874733,0.013971725736474714,0.013968942181310161,0.014148645766806595,8,True,0.013994331947753002
554774,tire_degraded_00,tire_degraded,1024,1014,0.990234375,-2.9997863271126506,2.8268275345714926,1.6812264006731374,0.013698088661766283,0.013694879367732256,0.013734803072776492,8,True,0.013735642103371097
554774,tire_degraded_01,tire_degraded,1024,1013,0.9892578125,-2.999982731972537,1.4109704858181213,0.17191798807074593,0.014010528175123299,0.014009817357010804,0.01411802569666128,8,True,0.014020006897143222
731884,nominal_00,nominal,1024,1013,0.9892578125,-2.999999206182791,2.8872365405327263,1.7604608306767704,0.014063693341752477,0.014063476221109128,0.014084710804952156,8,True,0.01406363391323804
731884,nominal_01,nominal,1024,1014,0.990234375,-2.9999994336313787,0.019363979959489894,-0.9337227506084601,0.013610418235761907,0.013607703922685987,0.014258399127657018,8,True,0.013610160829935323
731884,payload_00,payload,1024,1009,0.9853515625,-2.999999257993022,1.161712113092313,-0.03212500630927844,0.014030703954694856,0.014030199118790979,0.01412121894725224,8,True,0.014048514739221024
731884,payload_01,payload,1024,1011,0.9873046875,-2.999999233854518,2.99994129181295,1.7783397412812947,0.013898043420574706,0.013889834684875825,0.01406496388327302,8,True,0.013907037313819664
731884,tire_degraded_00,tire_degraded,1024,1015,0.9912109375,-2.9999992387935337,2.681068221975925,1.5506814963981292,0.013670867879646489,0.013667755106293004,0.013708500557375197,8,True,0.01366781011509656
731884,tire_degraded_01,tire_degraded,1024,1014,0.990234375,-2.9999992643218167,0.2698473601403712,-0.8177154886539768,0.014068961713963097,0.014056788300712797,0.014175538723707118,8,True,0.014111190360854913
304990,nominal_00,nominal,1024,1015,0.9912109375,-2.9999992355992853,2.8978402426123027,1.7777296565034473,0.014034630587228822,0.01403164410790445,0.014052749956001531,8,True,0.014105056440866374
304990,nominal_01,nominal,1024,1016,0.9921875,-2.999999276133679,1.2868418494281273,0.19091220314607396,0.013530671188205853,0.013530359344363514,0.014164873232645628,8,True,0.01359245855713022
304990,payload_00,payload,1024,1012,0.98828125,-2.9999985499904884,0.4068880661561793,-0.6990449770164234,0.01400992840920419,0.014005465789470527,0.014110152097964745,8,True,0.014217193653649193
304990,payload_01,payload,1024,1012,0.98828125,-2.999999103983441,2.820667373685276,1.5917183926677199,0.013934280822895122,0.013934107342757547,0.014111086644328374,8,True,0.014125748231282903
304990,tire_degraded_00,tire_degraded,1024,1014,0.990234375,-2.9999992100602757,2.9756083315100694,1.8491747642443037,0.013636464393667355,0.013635793730682943,0.013678733666154764,8,True,0.013709339611025688
304990,tire_degraded_01,tire_degraded,1024,1013,0.9892578125,-2.999998768417061,0.5144672499304649,-0.6348594234955434,0.013971547410400721,0.01396938843427139,0.014088787024844299,8,True,0.014191045474105338
